[
  {
    "id": "ced6872a-eda1-4217-929e-30b0014f8568",
    "data": [
      {
        "text": "about college",
        "userDefined": false
      }
    ],
    "isTemplate": false,
    "count": 0,
    "updated": 0
  },
  {
    "id": "768d7ab4-40c8-40d7-baee-638765f0b9ef",
    "data": [
      {
        "text": "about g triple s ietw",
        "userDefined": false
      }
    ],
    "isTemplate": false,
    "count": 0,
    "updated": 0
  },
  {
    "id": "8745aed1-7551-4b4b-a6ed-759d69a4475b",
    "data": [
      {
        "text": "about g triple s",
        "userDefined": false
      }
    ],
    "isTemplate": false,
    "count": 0,
    "updated": 0
  },
  {
    "id": "221b5391-2a5d-4971-970b-3fb6cfbe467c",
    "data": [
      {
        "text": "about gsssietw",
        "userDefined": false
      }
    ],
    "isTemplate": false,
    "count": 0,
    "updated": 0
  },
  {
    "id": "8e97b4b4-aebd-4fd1-8d77-d1551db9b37a",
    "data": [
      {
        "text": "about gsss",
        "userDefined": false
      }
    ],
    "isTemplate": false,
    "count": 0,
    "updated": 0
  }
]