[
  {
    "id": "790a8347-9e39-4c72-896a-715ec3c3f7cb",
    "data": [
      {
        "text": "head of placement and training department",
        "userDefined": false
      }
    ],
    "isTemplate": false,
    "count": 0,
    "updated": 0
  },
  {
    "id": "5222c001-1e80-418c-a5fc-de81d6db428c",
    "data": [
      {
        "text": "head of placement department",
        "userDefined": false
      }
    ],
    "isTemplate": false,
    "count": 0,
    "updated": 0
  },
  {
    "id": "1911699d-6b30-4c3a-b8ad-f2657231250a",
    "data": [
      {
        "text": "who is po",
        "userDefined": false
      }
    ],
    "isTemplate": false,
    "count": 0,
    "updated": 0
  },
  {
    "id": "464833a0-89a7-4a68-b657-ebd52523887d",
    "data": [
      {
        "text": "about placement head",
        "userDefined": false
      }
    ],
    "isTemplate": false,
    "count": 0,
    "updated": 0
  },
  {
    "id": "4d25be36-bc20-472a-8e61-3327939cbd54",
    "data": [
      {
        "text": "about po",
        "userDefined": false
      }
    ],
    "isTemplate": false,
    "count": 0,
    "updated": 0
  }
]