[
  {
    "id": "2803ff24-531d-4d1d-b2b1-96648d0ddcb9",
    "data": [
      {
        "text": "about eee",
        "userDefined": false
      }
    ],
    "isTemplate": false,
    "count": 0,
    "updated": 0
  },
  {
    "id": "070b63b6-b628-4650-b990-9fb6f81b32ec",
    "data": [
      {
        "text": "about  Electrical \u0026 Electronics department",
        "userDefined": false
      }
    ],
    "isTemplate": false,
    "count": 0,
    "updated": 0
  },
  {
    "id": "13ad063e-a161-403f-a285-e697521b228d",
    "data": [
      {
        "text": "about  Electrical \u0026 Electronics Engineering",
        "userDefined": false
      }
    ],
    "isTemplate": false,
    "count": 0,
    "updated": 0
  },
  {
    "id": "034d74df-690d-422c-b4f5-7c9cae8a4f75",
    "data": [
      {
        "text": "about triple e department",
        "userDefined": false
      }
    ],
    "isTemplate": false,
    "count": 0,
    "updated": 0
  },
  {
    "id": "0486d32e-2d1b-4517-9d5f-c210cf3f500d",
    "data": [
      {
        "text": "about triple e",
        "userDefined": false
      }
    ],
    "isTemplate": false,
    "count": 0,
    "updated": 0
  }
]