[
  {
    "id": "14bd4973-e9cf-4923-85ba-33ba9684cc64",
    "data": [
      {
        "text": "total students placed",
        "userDefined": false
      }
    ],
    "isTemplate": false,
    "count": 0,
    "updated": 0
  },
  {
    "id": "35d53b20-a323-42eb-b3a6-ca1441f10c17",
    "data": [
      {
        "text": "students placed",
        "userDefined": false
      }
    ],
    "isTemplate": false,
    "count": 0,
    "updated": 0
  },
  {
    "id": "dbde4398-5234-4eca-b96d-f5c1a942bb77",
    "data": [
      {
        "text": "total number of students placed",
        "userDefined": false
      }
    ],
    "isTemplate": false,
    "count": 0,
    "updated": 0
  },
  {
    "id": "7b27e973-6f3c-42b8-8536-595f10f69825",
    "data": [
      {
        "text": "number of students placed",
        "userDefined": false
      }
    ],
    "isTemplate": false,
    "count": 0,
    "updated": 0
  }
]